<?xml version="1.0" encoding="utf-8"?>
<resources>
<attr name="alpha" format="float" />
<attr name="buttonSize" format="reference"><enum name="standard" value="0" /><enum name="wide" value="1" /><enum name="icon_only" value="2" /></attr>
<attr name="circleCrop" format="boolean" />
<attr name="colorScheme" format="reference"><enum name="dark" value="0" /><enum name="light" value="1" /><enum name="auto" value="2" /></attr>
<attr name="font" format="reference" />
<attr name="fontProviderAuthority" format="string" />
<attr name="fontProviderCerts" format="reference" />
<attr name="fontProviderFetchStrategy"><enum name="blocking" value="0" /><enum name="async" value="1" /></attr>
<attr name="fontProviderFetchTimeout" format="integer"><enum name="forever" value="-1" /></attr>
<attr name="fontProviderPackage" format="string" />
<attr name="fontProviderQuery" format="string" />
<attr name="fontProviderSystemFontFamily" format="string" />
<attr name="fontStyle"><enum name="normal" value="0" /><enum name="italic" value="1" /></attr>
<attr name="fontVariationSettings" format="string" />
<attr name="fontWeight" format="integer" />
<attr name="imageAspectRatio" format="float" />
<attr name="imageAspectRatioAdjust"><enum name="none" value="0" /><enum name="adjust_width" value="1" /><enum name="adjust_height" value="2" /></attr>
<attr name="lStar" format="float" />
<attr name="nestedScrollViewStyle" format="reference" />
<attr name="postSplashScreenTheme" format="reference" />
<attr name="queryPatterns" format="reference" />
<attr name="scopeUris" format="reference|string" />
<attr name="shortcutMatchRequired" format="boolean" />
<attr name="splashScreenIconSize" format="dimension" />
<attr name="ttcIndex" format="integer" />
<attr name="windowSplashScreenAnimatedIcon" format="reference" />
<attr name="windowSplashScreenAnimationDuration" format="integer" />
<attr name="windowSplashScreenBackground" format="color" />
<attr name="windowSplashScreenIconBackgroundColor" format="color" />
</resources>
