<?xml version="1.0" encoding="utf-8"?>
<resources>
<color name="androidx_core_ripple_material_light">#1f000000</color>
<color name="androidx_core_secondary_text_default_material_light">#8a000000</color>
<color name="black">#ff000000</color>
<color name="call_notification_answer_color">#ff1d873b</color>
<color name="call_notification_decline_color">#ffd93025</color>
<color name="common_google_signin_btn_text_dark_default">@android:color/white</color>
<color name="common_google_signin_btn_text_dark_disabled">#1f000000</color>
<color name="common_google_signin_btn_text_dark_focused">@android:color/black</color>
<color name="common_google_signin_btn_text_dark_pressed">@android:color/white</color>
<color name="common_google_signin_btn_text_light_default">#90000000</color>
<color name="common_google_signin_btn_text_light_disabled">#1f000000</color>
<color name="common_google_signin_btn_text_light_focused">#90000000</color>
<color name="common_google_signin_btn_text_light_pressed">#de000000</color>
<color name="notification_action_color_filter">@color/androidx_core_secondary_text_default_material_light</color>
<color name="notification_icon_bg_color">#ff9e9e9e</color>
<color name="purple_200">#ffbb86fc</color>
<color name="purple_500">#ff6200ee</color>
<color name="purple_700">#ff3700b3</color>
<color name="teal_200">#ff03dac5</color>
<color name="teal_700">#ff018786</color>
<color name="white">#ffffffff</color>
</resources>
