<?xml version="1.0" encoding="utf-8"?>
<resources>
<item type="id" name="accessibility_action_clickable_span">false</item>
<item type="id" name="accessibility_custom_action_0">false</item>
<item type="id" name="accessibility_custom_action_1">false</item>
<item type="id" name="accessibility_custom_action_10">false</item>
<item type="id" name="accessibility_custom_action_11">false</item>
<item type="id" name="accessibility_custom_action_12">false</item>
<item type="id" name="accessibility_custom_action_13">false</item>
<item type="id" name="accessibility_custom_action_14">false</item>
<item type="id" name="accessibility_custom_action_15">false</item>
<item type="id" name="accessibility_custom_action_16">false</item>
<item type="id" name="accessibility_custom_action_17">false</item>
<item type="id" name="accessibility_custom_action_18">false</item>
<item type="id" name="accessibility_custom_action_19">false</item>
<item type="id" name="accessibility_custom_action_2">false</item>
<item type="id" name="accessibility_custom_action_20">false</item>
<item type="id" name="accessibility_custom_action_21">false</item>
<item type="id" name="accessibility_custom_action_22">false</item>
<item type="id" name="accessibility_custom_action_23">false</item>
<item type="id" name="accessibility_custom_action_24">false</item>
<item type="id" name="accessibility_custom_action_25">false</item>
<item type="id" name="accessibility_custom_action_26">false</item>
<item type="id" name="accessibility_custom_action_27">false</item>
<item type="id" name="accessibility_custom_action_28">false</item>
<item type="id" name="accessibility_custom_action_29">false</item>
<item type="id" name="accessibility_custom_action_3">false</item>
<item type="id" name="accessibility_custom_action_30">false</item>
<item type="id" name="accessibility_custom_action_31">false</item>
<item type="id" name="accessibility_custom_action_4">false</item>
<item type="id" name="accessibility_custom_action_5">false</item>
<item type="id" name="accessibility_custom_action_6">false</item>
<item type="id" name="accessibility_custom_action_7">false</item>
<item type="id" name="accessibility_custom_action_8">false</item>
<item type="id" name="accessibility_custom_action_9">false</item>
<item type="id" name="action_container">false</item>
<item type="id" name="action_divider">false</item>
<item type="id" name="action_image">false</item>
<item type="id" name="action_text">false</item>
<item type="id" name="actions">false</item>
<item type="id" name="androidx_compose_ui_view_composition_context">false</item>
<item type="id" name="chronometer">false</item>
<item type="id" name="compose_view_saveable_id_tag">false</item>
<item type="id" name="consume_window_insets_tag">false</item>
<item type="id" name="dialog_button">false</item>
<item type="id" name="fragment_container_view_tag">false</item>
<item type="id" name="hide_in_inspector_tag">false</item>
<item type="id" name="icon">false</item>
<item type="id" name="icon_group">false</item>
<item type="id" name="info">false</item>
<item type="id" name="inspection_slot_table_set">false</item>
<item type="id" name="is_pooling_container_tag">false</item>
<item type="id" name="line1">false</item>
<item type="id" name="line3">false</item>
<item type="id" name="notification_background">false</item>
<item type="id" name="notification_main_column">false</item>
<item type="id" name="notification_main_column_container">false</item>
<item type="id" name="pooling_container_listener_holder_tag">false</item>
<item type="id" name="report_drawn">false</item>
<item type="id" name="right_icon">false</item>
<item type="id" name="right_side">false</item>
<item type="id" name="special_effects_controller_view_tag">false</item>
<item type="id" name="splashscreen_icon_view">false</item>
<item type="id" name="tag_accessibility_actions">false</item>
<item type="id" name="tag_accessibility_clickable_spans">false</item>
<item type="id" name="tag_accessibility_heading">false</item>
<item type="id" name="tag_accessibility_pane_title">false</item>
<item type="id" name="tag_on_apply_window_listener">false</item>
<item type="id" name="tag_on_receive_content_listener">false</item>
<item type="id" name="tag_on_receive_content_mime_types">false</item>
<item type="id" name="tag_screen_reader_focusable">false</item>
<item type="id" name="tag_state_description">false</item>
<item type="id" name="tag_transition_group">false</item>
<item type="id" name="tag_unhandled_key_event_manager">false</item>
<item type="id" name="tag_unhandled_key_listeners">false</item>
<item type="id" name="tag_window_insets_animation_callback">false</item>
<item type="id" name="text">false</item>
<item type="id" name="text2">false</item>
<item type="id" name="time">false</item>
<item type="id" name="title">false</item>
<item type="id" name="view_tree_lifecycle_owner">false</item>
<item type="id" name="view_tree_on_back_pressed_dispatcher_owner">false</item>
<item type="id" name="view_tree_saved_state_registry_owner">false</item>
<item type="id" name="view_tree_view_model_store_owner">false</item>
<item type="id" name="visible_removing_fragment_view_tag">false</item>
<item type="id" name="wrapped_composition_tag">false</item>
</resources>
