<?xml version="1.0" encoding="utf-8"?>
<resources>
<public type="anim" name="fragment_fast_out_extra_slow_in" id="0x7f010000" />
<public type="animator" name="fragment_close_enter" id="0x7f020000" />
<public type="animator" name="fragment_close_exit" id="0x7f020001" />
<public type="animator" name="fragment_fade_enter" id="0x7f020002" />
<public type="animator" name="fragment_fade_exit" id="0x7f020003" />
<public type="animator" name="fragment_open_enter" id="0x7f020004" />
<public type="animator" name="fragment_open_exit" id="0x7f020005" />
<public type="attr" name="alpha" id="0x7f030000" />
<public type="attr" name="buttonSize" id="0x7f030001" />
<public type="attr" name="circleCrop" id="0x7f030002" />
<public type="attr" name="colorScheme" id="0x7f030003" />
<public type="attr" name="font" id="0x7f030004" />
<public type="attr" name="fontProviderAuthority" id="0x7f030005" />
<public type="attr" name="fontProviderCerts" id="0x7f030006" />
<public type="attr" name="fontProviderFetchStrategy" id="0x7f030007" />
<public type="attr" name="fontProviderFetchTimeout" id="0x7f030008" />
<public type="attr" name="fontProviderPackage" id="0x7f030009" />
<public type="attr" name="fontProviderQuery" id="0x7f03000a" />
<public type="attr" name="fontProviderSystemFontFamily" id="0x7f03000b" />
<public type="attr" name="fontStyle" id="0x7f03000c" />
<public type="attr" name="fontVariationSettings" id="0x7f03000d" />
<public type="attr" name="fontWeight" id="0x7f03000e" />
<public type="attr" name="imageAspectRatio" id="0x7f03000f" />
<public type="attr" name="imageAspectRatioAdjust" id="0x7f030010" />
<public type="attr" name="lStar" id="0x7f030011" />
<public type="attr" name="nestedScrollViewStyle" id="0x7f030012" />
<public type="attr" name="postSplashScreenTheme" id="0x7f030013" />
<public type="attr" name="queryPatterns" id="0x7f030014" />
<public type="attr" name="scopeUris" id="0x7f030015" />
<public type="attr" name="shortcutMatchRequired" id="0x7f030016" />
<public type="attr" name="splashScreenIconSize" id="0x7f030017" />
<public type="attr" name="ttcIndex" id="0x7f030018" />
<public type="attr" name="windowSplashScreenAnimatedIcon" id="0x7f030019" />
<public type="attr" name="windowSplashScreenAnimationDuration" id="0x7f03001a" />
<public type="attr" name="windowSplashScreenBackground" id="0x7f03001b" />
<public type="attr" name="windowSplashScreenIconBackgroundColor" id="0x7f03001c" />
<public type="color" name="androidx_core_ripple_material_light" id="0x7f040000" />
<public type="color" name="androidx_core_secondary_text_default_material_light" id="0x7f040001" />
<public type="color" name="black" id="0x7f040002" />
<public type="color" name="call_notification_answer_color" id="0x7f040003" />
<public type="color" name="call_notification_decline_color" id="0x7f040004" />
<public type="color" name="common_google_signin_btn_text_dark" id="0x7f040005" />
<public type="color" name="common_google_signin_btn_text_dark_default" id="0x7f040006" />
<public type="color" name="common_google_signin_btn_text_dark_disabled" id="0x7f040007" />
<public type="color" name="common_google_signin_btn_text_dark_focused" id="0x7f040008" />
<public type="color" name="common_google_signin_btn_text_dark_pressed" id="0x7f040009" />
<public type="color" name="common_google_signin_btn_text_light" id="0x7f04000a" />
<public type="color" name="common_google_signin_btn_text_light_default" id="0x7f04000b" />
<public type="color" name="common_google_signin_btn_text_light_disabled" id="0x7f04000c" />
<public type="color" name="common_google_signin_btn_text_light_focused" id="0x7f04000d" />
<public type="color" name="common_google_signin_btn_text_light_pressed" id="0x7f04000e" />
<public type="color" name="common_google_signin_btn_tint" id="0x7f04000f" />
<public type="color" name="notification_action_color_filter" id="0x7f040010" />
<public type="color" name="notification_icon_bg_color" id="0x7f040011" />
<public type="color" name="purple_200" id="0x7f040012" />
<public type="color" name="purple_500" id="0x7f040013" />
<public type="color" name="purple_700" id="0x7f040014" />
<public type="color" name="teal_200" id="0x7f040015" />
<public type="color" name="teal_700" id="0x7f040016" />
<public type="color" name="vector_tint_color" id="0x7f040017" />
<public type="color" name="vector_tint_theme_color" id="0x7f040018" />
<public type="color" name="white" id="0x7f040019" />
<public type="dimen" name="compat_button_inset_horizontal_material" id="0x7f050000" />
<public type="dimen" name="compat_button_inset_vertical_material" id="0x7f050001" />
<public type="dimen" name="compat_button_padding_horizontal_material" id="0x7f050002" />
<public type="dimen" name="compat_button_padding_vertical_material" id="0x7f050003" />
<public type="dimen" name="compat_control_corner_material" id="0x7f050004" />
<public type="dimen" name="compat_notification_large_icon_max_height" id="0x7f050005" />
<public type="dimen" name="compat_notification_large_icon_max_width" id="0x7f050006" />
<public type="dimen" name="notification_action_icon_size" id="0x7f050007" />
<public type="dimen" name="notification_action_text_size" id="0x7f050008" />
<public type="dimen" name="notification_big_circle_margin" id="0x7f050009" />
<public type="dimen" name="notification_content_margin_start" id="0x7f05000a" />
<public type="dimen" name="notification_large_icon_height" id="0x7f05000b" />
<public type="dimen" name="notification_large_icon_width" id="0x7f05000c" />
<public type="dimen" name="notification_main_column_padding_top" id="0x7f05000d" />
<public type="dimen" name="notification_media_narrow_margin" id="0x7f05000e" />
<public type="dimen" name="notification_right_icon_size" id="0x7f05000f" />
<public type="dimen" name="notification_right_side_padding_top" id="0x7f050010" />
<public type="dimen" name="notification_small_icon_background_padding" id="0x7f050011" />
<public type="dimen" name="notification_small_icon_size_as_large" id="0x7f050012" />
<public type="dimen" name="notification_subtext_size" id="0x7f050013" />
<public type="dimen" name="notification_top_pad" id="0x7f050014" />
<public type="dimen" name="notification_top_pad_large_text" id="0x7f050015" />
<public type="dimen" name="splashscreen_icon_mask_size_no_background" id="0x7f050016" />
<public type="dimen" name="splashscreen_icon_mask_size_with_background" id="0x7f050017" />
<public type="dimen" name="splashscreen_icon_mask_stroke_no_background" id="0x7f050018" />
<public type="dimen" name="splashscreen_icon_mask_stroke_with_background" id="0x7f050019" />
<public type="dimen" name="splashscreen_icon_size" id="0x7f05001a" />
<public type="dimen" name="splashscreen_icon_size_no_background" id="0x7f05001b" />
<public type="dimen" name="splashscreen_icon_size_with_background" id="0x7f05001c" />
<public type="drawable" name="common_google_signin_btn_icon_dark" id="0x7f060001" />
<public type="drawable" name="common_google_signin_btn_icon_dark_focused" id="0x7f060002" />
<public type="drawable" name="common_google_signin_btn_icon_dark_normal" id="0x7f060003" />
<public type="drawable" name="common_google_signin_btn_icon_disabled" id="0x7f060005" />
<public type="drawable" name="common_google_signin_btn_icon_light" id="0x7f060006" />
<public type="drawable" name="common_google_signin_btn_icon_light_focused" id="0x7f060007" />
<public type="drawable" name="common_google_signin_btn_icon_light_normal" id="0x7f060008" />
<public type="drawable" name="common_google_signin_btn_text_dark" id="0x7f06000a" />
<public type="drawable" name="common_google_signin_btn_text_dark_focused" id="0x7f06000b" />
<public type="drawable" name="common_google_signin_btn_text_dark_normal" id="0x7f06000c" />
<public type="drawable" name="common_google_signin_btn_text_disabled" id="0x7f06000e" />
<public type="drawable" name="common_google_signin_btn_text_light" id="0x7f06000f" />
<public type="drawable" name="common_google_signin_btn_text_light_focused" id="0x7f060010" />
<public type="drawable" name="common_google_signin_btn_text_light_normal" id="0x7f060011" />
<public type="drawable" name="compat_splash_screen" id="0x7f060013" />
<public type="drawable" name="compat_splash_screen_no_icon_background" id="0x7f060014" />
<public type="drawable" name="icon_background" id="0x7f06001d" />
<public type="drawable" name="notification_action_background" id="0x7f06001e" />
<public type="drawable" name="notification_bg" id="0x7f06001f" />
<public type="drawable" name="notification_bg_low" id="0x7f060020" />
<public type="drawable" name="notification_icon_background" id="0x7f060025" />
<public type="drawable" name="notification_template_icon_bg" id="0x7f060026" />
<public type="drawable" name="notification_template_icon_low_bg" id="0x7f060027" />
<public type="drawable" name="notification_tile_bg" id="0x7f060028" />
<public type="drawable" name="ic_call_answer" id="0x7f060017" />
<public type="drawable" name="ic_call_answer_low" id="0x7f060018" />
<public type="drawable" name="ic_call_answer_video" id="0x7f060019" />
<public type="drawable" name="ic_call_answer_video_low" id="0x7f06001a" />
<public type="drawable" name="ic_call_decline" id="0x7f06001b" />
<public type="drawable" name="ic_call_decline_low" id="0x7f06001c" />
<public type="drawable" name="common_google_signin_btn_icon_dark_normal_background" id="0x7f060004" />
<public type="drawable" name="common_google_signin_btn_icon_light_normal_background" id="0x7f060009" />
<public type="drawable" name="common_google_signin_btn_text_dark_normal_background" id="0x7f06000d" />
<public type="drawable" name="common_google_signin_btn_text_light_normal_background" id="0x7f060012" />
<public type="drawable" name="googleg_disabled_color_18" id="0x7f060015" />
<public type="drawable" name="googleg_standard_color_18" id="0x7f060016" />
<public type="drawable" name="notification_bg_low_normal" id="0x7f060021" />
<public type="drawable" name="notification_bg_low_pressed" id="0x7f060022" />
<public type="drawable" name="notification_bg_normal" id="0x7f060023" />
<public type="drawable" name="notification_bg_normal_pressed" id="0x7f060024" />
<public type="drawable" name="notify_panel_notification_icon_bg" id="0x7f060029" />
<public type="drawable" name="common_full_open_on_phone" id="0x7f060000" />
<public type="id" name="accessibility_action_clickable_span" id="0x7f070000" />
<public type="id" name="accessibility_custom_action_0" id="0x7f070001" />
<public type="id" name="accessibility_custom_action_1" id="0x7f070002" />
<public type="id" name="accessibility_custom_action_10" id="0x7f070003" />
<public type="id" name="accessibility_custom_action_11" id="0x7f070004" />
<public type="id" name="accessibility_custom_action_12" id="0x7f070005" />
<public type="id" name="accessibility_custom_action_13" id="0x7f070006" />
<public type="id" name="accessibility_custom_action_14" id="0x7f070007" />
<public type="id" name="accessibility_custom_action_15" id="0x7f070008" />
<public type="id" name="accessibility_custom_action_16" id="0x7f070009" />
<public type="id" name="accessibility_custom_action_17" id="0x7f07000a" />
<public type="id" name="accessibility_custom_action_18" id="0x7f07000b" />
<public type="id" name="accessibility_custom_action_19" id="0x7f07000c" />
<public type="id" name="accessibility_custom_action_2" id="0x7f07000d" />
<public type="id" name="accessibility_custom_action_20" id="0x7f07000e" />
<public type="id" name="accessibility_custom_action_21" id="0x7f07000f" />
<public type="id" name="accessibility_custom_action_22" id="0x7f070010" />
<public type="id" name="accessibility_custom_action_23" id="0x7f070011" />
<public type="id" name="accessibility_custom_action_24" id="0x7f070012" />
<public type="id" name="accessibility_custom_action_25" id="0x7f070013" />
<public type="id" name="accessibility_custom_action_26" id="0x7f070014" />
<public type="id" name="accessibility_custom_action_27" id="0x7f070015" />
<public type="id" name="accessibility_custom_action_28" id="0x7f070016" />
<public type="id" name="accessibility_custom_action_29" id="0x7f070017" />
<public type="id" name="accessibility_custom_action_3" id="0x7f070018" />
<public type="id" name="accessibility_custom_action_30" id="0x7f070019" />
<public type="id" name="accessibility_custom_action_31" id="0x7f07001a" />
<public type="id" name="accessibility_custom_action_4" id="0x7f07001b" />
<public type="id" name="accessibility_custom_action_5" id="0x7f07001c" />
<public type="id" name="accessibility_custom_action_6" id="0x7f07001d" />
<public type="id" name="accessibility_custom_action_7" id="0x7f07001e" />
<public type="id" name="accessibility_custom_action_8" id="0x7f07001f" />
<public type="id" name="accessibility_custom_action_9" id="0x7f070020" />
<public type="id" name="action_container" id="0x7f070021" />
<public type="id" name="action_divider" id="0x7f070022" />
<public type="id" name="action_image" id="0x7f070023" />
<public type="id" name="action_text" id="0x7f070024" />
<public type="id" name="actions" id="0x7f070025" />
<public type="id" name="adjust_height" id="0x7f070026" />
<public type="id" name="adjust_width" id="0x7f070027" />
<public type="id" name="androidx_compose_ui_view_composition_context" id="0x7f070028" />
<public type="id" name="async" id="0x7f070029" />
<public type="id" name="auto" id="0x7f07002a" />
<public type="id" name="blocking" id="0x7f07002b" />
<public type="id" name="chronometer" id="0x7f07002c" />
<public type="id" name="compose_view_saveable_id_tag" id="0x7f07002d" />
<public type="id" name="consume_window_insets_tag" id="0x7f07002e" />
<public type="id" name="dark" id="0x7f07002f" />
<public type="id" name="dialog_button" id="0x7f070030" />
<public type="id" name="forever" id="0x7f070031" />
<public type="id" name="fragment_container_view_tag" id="0x7f070032" />
<public type="id" name="hide_in_inspector_tag" id="0x7f070033" />
<public type="id" name="icon" id="0x7f070034" />
<public type="id" name="icon_group" id="0x7f070035" />
<public type="id" name="icon_only" id="0x7f070036" />
<public type="id" name="info" id="0x7f070037" />
<public type="id" name="inspection_slot_table_set" id="0x7f070038" />
<public type="id" name="is_pooling_container_tag" id="0x7f070039" />
<public type="id" name="italic" id="0x7f07003a" />
<public type="id" name="light" id="0x7f07003b" />
<public type="id" name="line1" id="0x7f07003c" />
<public type="id" name="line3" id="0x7f07003d" />
<public type="id" name="none" id="0x7f07003e" />
<public type="id" name="normal" id="0x7f07003f" />
<public type="id" name="notification_background" id="0x7f070040" />
<public type="id" name="notification_main_column" id="0x7f070041" />
<public type="id" name="notification_main_column_container" id="0x7f070042" />
<public type="id" name="pooling_container_listener_holder_tag" id="0x7f070043" />
<public type="id" name="report_drawn" id="0x7f070044" />
<public type="id" name="right_icon" id="0x7f070045" />
<public type="id" name="right_side" id="0x7f070046" />
<public type="id" name="special_effects_controller_view_tag" id="0x7f070047" />
<public type="id" name="splashscreen_icon_view" id="0x7f070048" />
<public type="id" name="standard" id="0x7f070049" />
<public type="id" name="tag_accessibility_actions" id="0x7f07004a" />
<public type="id" name="tag_accessibility_clickable_spans" id="0x7f07004b" />
<public type="id" name="tag_accessibility_heading" id="0x7f07004c" />
<public type="id" name="tag_accessibility_pane_title" id="0x7f07004d" />
<public type="id" name="tag_on_apply_window_listener" id="0x7f07004e" />
<public type="id" name="tag_on_receive_content_listener" id="0x7f07004f" />
<public type="id" name="tag_on_receive_content_mime_types" id="0x7f070050" />
<public type="id" name="tag_screen_reader_focusable" id="0x7f070051" />
<public type="id" name="tag_state_description" id="0x7f070052" />
<public type="id" name="tag_transition_group" id="0x7f070053" />
<public type="id" name="tag_unhandled_key_event_manager" id="0x7f070054" />
<public type="id" name="tag_unhandled_key_listeners" id="0x7f070055" />
<public type="id" name="tag_window_insets_animation_callback" id="0x7f070056" />
<public type="id" name="text" id="0x7f070057" />
<public type="id" name="text2" id="0x7f070058" />
<public type="id" name="time" id="0x7f070059" />
<public type="id" name="title" id="0x7f07005a" />
<public type="id" name="view_tree_lifecycle_owner" id="0x7f07005b" />
<public type="id" name="view_tree_on_back_pressed_dispatcher_owner" id="0x7f07005c" />
<public type="id" name="view_tree_saved_state_registry_owner" id="0x7f07005d" />
<public type="id" name="view_tree_view_model_store_owner" id="0x7f07005e" />
<public type="id" name="visible_removing_fragment_view_tag" id="0x7f07005f" />
<public type="id" name="wide" id="0x7f070060" />
<public type="id" name="wrapped_composition_tag" id="0x7f070061" />
<public type="integer" name="default_icon_animation_duration" id="0x7f080000" />
<public type="integer" name="google_play_services_version" id="0x7f080001" />
<public type="integer" name="status_bar_notification_info_maxnum" id="0x7f080002" />
<public type="layout" name="custom_dialog" id="0x7f090000" />
<public type="layout" name="notification_action" id="0x7f090001" />
<public type="layout" name="notification_action_tombstone" id="0x7f090002" />
<public type="layout" name="notification_template_custom_big" id="0x7f090003" />
<public type="layout" name="notification_template_icon_group" id="0x7f090004" />
<public type="layout" name="notification_template_part_chronometer" id="0x7f090005" />
<public type="layout" name="notification_template_part_time" id="0x7f090006" />
<public type="layout" name="splash_screen_view" id="0x7f090007" />
<public type="mipmap" name="ic_launcher" id="0x7f0a0000" />
<public type="raw" name="firebase_common_keep" id="0x7f0b0000" />
<public type="string" name="androidx_startup" id="0x7f0c0000" />
<public type="string" name="app_name" id="0x7f0c0001" />
<public type="string" name="bottom_sheet_collapse_description" id="0x7f0c0002" />
<public type="string" name="bottom_sheet_dismiss_description" id="0x7f0c0003" />
<public type="string" name="bottom_sheet_drag_handle_description" id="0x7f0c0004" />
<public type="string" name="bottom_sheet_expand_description" id="0x7f0c0005" />
<public type="string" name="call_notification_answer_action" id="0x7f0c0006" />
<public type="string" name="call_notification_answer_video_action" id="0x7f0c0007" />
<public type="string" name="call_notification_decline_action" id="0x7f0c0008" />
<public type="string" name="call_notification_hang_up_action" id="0x7f0c0009" />
<public type="string" name="call_notification_incoming_text" id="0x7f0c000a" />
<public type="string" name="call_notification_ongoing_text" id="0x7f0c000b" />
<public type="string" name="call_notification_screening_text" id="0x7f0c000c" />
<public type="string" name="close_drawer" id="0x7f0c000d" />
<public type="string" name="close_sheet" id="0x7f0c000e" />
<public type="string" name="collapsed" id="0x7f0c000f" />
<public type="string" name="common_google_play_services_enable_button" id="0x7f0c0010" />
<public type="string" name="common_google_play_services_enable_text" id="0x7f0c0011" />
<public type="string" name="common_google_play_services_enable_title" id="0x7f0c0012" />
<public type="string" name="common_google_play_services_install_button" id="0x7f0c0013" />
<public type="string" name="common_google_play_services_install_text" id="0x7f0c0014" />
<public type="string" name="common_google_play_services_install_title" id="0x7f0c0015" />
<public type="string" name="common_google_play_services_notification_channel_name" id="0x7f0c0016" />
<public type="string" name="common_google_play_services_notification_ticker" id="0x7f0c0017" />
<public type="string" name="common_google_play_services_unknown_issue" id="0x7f0c0018" />
<public type="string" name="common_google_play_services_unsupported_text" id="0x7f0c0019" />
<public type="string" name="common_google_play_services_update_button" id="0x7f0c001a" />
<public type="string" name="common_google_play_services_update_text" id="0x7f0c001b" />
<public type="string" name="common_google_play_services_update_title" id="0x7f0c001c" />
<public type="string" name="common_google_play_services_updating_text" id="0x7f0c001d" />
<public type="string" name="common_google_play_services_wear_update_text" id="0x7f0c001e" />
<public type="string" name="common_open_on_phone" id="0x7f0c001f" />
<public type="string" name="common_signin_button_text" id="0x7f0c0020" />
<public type="string" name="common_signin_button_text_long" id="0x7f0c0021" />
<public type="string" name="date_input_headline" id="0x7f0c0022" />
<public type="string" name="date_input_headline_description" id="0x7f0c0023" />
<public type="string" name="date_input_invalid_for_pattern" id="0x7f0c0024" />
<public type="string" name="date_input_invalid_not_allowed" id="0x7f0c0025" />
<public type="string" name="date_input_invalid_year_range" id="0x7f0c0026" />
<public type="string" name="date_input_label" id="0x7f0c0027" />
<public type="string" name="date_input_no_input_description" id="0x7f0c0028" />
<public type="string" name="date_input_title" id="0x7f0c0029" />
<public type="string" name="date_picker_headline" id="0x7f0c002a" />
<public type="string" name="date_picker_headline_description" id="0x7f0c002b" />
<public type="string" name="date_picker_navigate_to_year_description" id="0x7f0c002c" />
<public type="string" name="date_picker_no_selection_description" id="0x7f0c002d" />
<public type="string" name="date_picker_scroll_to_earlier_years" id="0x7f0c002e" />
<public type="string" name="date_picker_scroll_to_later_years" id="0x7f0c002f" />
<public type="string" name="date_picker_switch_to_calendar_mode" id="0x7f0c0030" />
<public type="string" name="date_picker_switch_to_day_selection" id="0x7f0c0031" />
<public type="string" name="date_picker_switch_to_input_mode" id="0x7f0c0032" />
<public type="string" name="date_picker_switch_to_next_month" id="0x7f0c0033" />
<public type="string" name="date_picker_switch_to_previous_month" id="0x7f0c0034" />
<public type="string" name="date_picker_switch_to_year_selection" id="0x7f0c0035" />
<public type="string" name="date_picker_title" id="0x7f0c0036" />
<public type="string" name="date_picker_today_description" id="0x7f0c0037" />
<public type="string" name="date_picker_year_picker_pane_title" id="0x7f0c0038" />
<public type="string" name="date_range_input_invalid_range_input" id="0x7f0c0039" />
<public type="string" name="date_range_input_title" id="0x7f0c003a" />
<public type="string" name="date_range_picker_day_in_range" id="0x7f0c003b" />
<public type="string" name="date_range_picker_end_headline" id="0x7f0c003c" />
<public type="string" name="date_range_picker_scroll_to_next_month" id="0x7f0c003d" />
<public type="string" name="date_range_picker_scroll_to_previous_month" id="0x7f0c003e" />
<public type="string" name="date_range_picker_start_headline" id="0x7f0c003f" />
<public type="string" name="date_range_picker_title" id="0x7f0c0040" />
<public type="string" name="default_error_message" id="0x7f0c0041" />
<public type="string" name="default_popup_window_title" id="0x7f0c0042" />
<public type="string" name="dialog" id="0x7f0c0043" />
<public type="string" name="dropdown_menu" id="0x7f0c0044" />
<public type="string" name="expanded" id="0x7f0c0045" />
<public type="string" name="fcm_fallback_notification_channel_label" id="0x7f0c0046" />
<public type="string" name="in_progress" id="0x7f0c0047" />
<public type="string" name="indeterminate" id="0x7f0c0048" />
<public type="string" name="m3c_bottom_sheet_pane_title" id="0x7f0c0049" />
<public type="string" name="navigation_menu" id="0x7f0c004a" />
<public type="string" name="not_selected" id="0x7f0c004b" />
<public type="string" name="off" id="0x7f0c004c" />
<public type="string" name="on" id="0x7f0c004d" />
<public type="string" name="range_end" id="0x7f0c004e" />
<public type="string" name="range_start" id="0x7f0c004f" />
<public type="string" name="search_bar_search" id="0x7f0c0050" />
<public type="string" name="selected" id="0x7f0c0051" />
<public type="string" name="snackbar_dismiss" id="0x7f0c0052" />
<public type="string" name="status_bar_notification_info_overflow" id="0x7f0c0053" />
<public type="string" name="suggestions_available" id="0x7f0c0054" />
<public type="string" name="switch_role" id="0x7f0c0055" />
<public type="string" name="tab" id="0x7f0c0056" />
<public type="string" name="template_percent" id="0x7f0c0057" />
<public type="string" name="time_picker_am" id="0x7f0c0058" />
<public type="string" name="time_picker_hour" id="0x7f0c0059" />
<public type="string" name="time_picker_hour_24h_suffix" id="0x7f0c005a" />
<public type="string" name="time_picker_hour_selection" id="0x7f0c005b" />
<public type="string" name="time_picker_hour_suffix" id="0x7f0c005c" />
<public type="string" name="time_picker_hour_text_field" id="0x7f0c005d" />
<public type="string" name="time_picker_minute" id="0x7f0c005e" />
<public type="string" name="time_picker_minute_selection" id="0x7f0c005f" />
<public type="string" name="time_picker_minute_suffix" id="0x7f0c0060" />
<public type="string" name="time_picker_minute_text_field" id="0x7f0c0061" />
<public type="string" name="time_picker_period_toggle_description" id="0x7f0c0062" />
<public type="string" name="time_picker_pm" id="0x7f0c0063" />
<public type="string" name="tooltip_long_press_label" id="0x7f0c0064" />
<public type="string" name="tooltip_pane_description" id="0x7f0c0065" />
<public type="style" name="Base.Theme.SplashScreen" id="0x7f0d0000" />
<public type="style" name="Base.Theme.SplashScreen.DayNight" id="0x7f0d0001" />
<public type="style" name="Base.Theme.SplashScreen.Light" id="0x7f0d0002" />
<public type="style" name="Base.v21.Theme.SplashScreen" id="0x7f0d0003" />
<public type="style" name="Base.v21.Theme.SplashScreen.Light" id="0x7f0d0004" />
<public type="style" name="DialogWindowTheme" id="0x7f0d0007" />
<public type="style" name="FloatingDialogTheme" id="0x7f0d0008" />
<public type="style" name="FloatingDialogWindowTheme" id="0x7f0d0009" />
<public type="style" name="TextAppearance.Compat.Notification" id="0x7f0d000a" />
<public type="style" name="TextAppearance.Compat.Notification.Info" id="0x7f0d000b" />
<public type="style" name="TextAppearance.Compat.Notification.Line2" id="0x7f0d000c" />
<public type="style" name="TextAppearance.Compat.Notification.Time" id="0x7f0d000d" />
<public type="style" name="TextAppearance.Compat.Notification.Title" id="0x7f0d000e" />
<public type="style" name="Theme.AppFlood" id="0x7f0d000f" />
<public type="style" name="Theme.SplashScreen" id="0x7f0d0010" />
<public type="style" name="Theme.SplashScreen.Common" id="0x7f0d0011" />
<public type="style" name="Theme.SplashScreen.IconBackground" id="0x7f0d0012" />
<public type="style" name="Widget.Compat.NotificationActionContainer" id="0x7f0d0013" />
<public type="style" name="Widget.Compat.NotificationActionText" id="0x7f0d0014" />
<public type="style" name="Base.v27.Theme.SplashScreen" id="0x7f0d0005" />
<public type="style" name="Base.v27.Theme.SplashScreen.Light" id="0x7f0d0006" />
<public type="xml" name="backup_rules" id="0x7f0f0000" />
<public type="xml" name="data_extraction_rules" id="0x7f0f0001" />
<public type="xml" name="file_provider_paths" id="0x7f0f0002" />
</resources>